dataset_id,cost_reward_ratio,treat_none,treat_none_phi,treat_all,tret_all_phi,s-learner_policy_1,s-learner_policy_1_phi,s-learner_policy_2,s-learner_policy_2_phi,double_machine_learning_policy_1,double_machine_learning_policy_1_phi,double_machine_learning_policy_2,double_machine_learning_policy_2_phi,x-learner_policy_1,x-learner_policy_1_phi,x-learner_policy_2,x-learner_policy_2_phi,causal_forest_policy_1,causal_forest_policy_1_phi,causal_forest_policy_2,causal_forest_policy_2_phi
0,0.0333333333333333,957900.0,0.0,964366.0,1.0,980486.0,0.3151756856370613,980348.0,0.2989396488177367,958676.0,0.2854820723155726,957154.0,0.2828737218137486,975958.0,0.4537962840455894,978062.0,0.4179031130096206,976968.0,0.4669703441888597,972598.0,0.4744362749730659
1,0.0333333333333333,961560.0,0.0,961442.0,1.0,974180.0,0.347685561456896,975458.0,0.3395202903207515,958888.0,0.37186005632525,960694.0,0.3695352221823199,971290.0,0.4809193490464399,976068.0,0.445593210728259,981468.0,0.4698433099589846,967824.0,0.4774793505585272
2,0.0333333333333333,974760.0,0.0,959484.0,1.0,980748.0,0.2929480030997788,980440.0,0.2823444912771466,980768.0,0.2744249343187102,979868.0,0.2710038369213903,990784.0,0.4498837582928535,986414.0,0.4194341013476477,977932.0,0.4267110212259247,971008.0,0.4360103577976449
3,0.0333333333333333,960240.0,0.0,962846.0,1.0,980948.0,0.3027387680269151,985568.0,0.2875233900996087,987724.0,0.2729317481618689,987862.0,0.26900032131854,982284.0,0.4517927684427391,981044.0,0.4169769595705672,979344.0,0.4343659629160603,988846.0,0.4441000245714178
4,0.0333333333333333,953940.0,0.0,967284.0,1.0,959548.0,0.358081161283006,963824.0,0.3564934696732001,972114.0,0.4098890505982195,972988.0,0.4054283932182887,962104.0,0.4726217702761449,970874.0,0.4490143081255788,969618.0,0.4938476950120022,964210.0,0.4840380289942729
5,0.0333333333333333,969000.0,0.0,964606.0,1.0,982146.0,0.3174438165082125,983638.0,0.3075207439469257,986290.0,0.3482714952652768,985868.0,0.3434139149828945,968208.0,0.4619048519099552,984114.0,0.4243672859924017,985232.0,0.418337838093258,988860.0,0.43236244731321
6,0.0333333333333333,963600.0,0.0,965906.0,1.0,974042.0,0.3268943618046761,976270.0,0.3252310658324985,968450.0,0.3369686430907063,969416.0,0.3315251289999433,971386.0,0.4713553972064188,971680.0,0.4484661764983839,979466.0,0.4371633243238135,962714.0,0.4400551911845313
7,0.0333333333333333,953640.0,0.0,967248.0,1.0,965650.0,0.2974464626608955,965652.0,0.291095696221672,972752.0,0.2815317443816508,973120.0,0.2766552630086756,959366.0,0.4471809023380649,980204.0,0.4203602547867012,968238.0,0.4334587105675997,978910.0,0.4343281607348744
8,0.0333333333333333,955500.0,0.0,958574.0,1.0,982084.0,0.2759937248379231,980014.0,0.2630653788723609,952368.0,0.2109172699264747,953174.0,0.2081955128810932,973378.0,0.4358969512540873,980516.0,0.399909274765154,956724.0,0.4080178426295197,969876.0,0.4218156387623566
9,0.0333333333333333,956280.0,0.0,953348.0,1.0,976146.0,0.2634055985030336,980864.0,0.2528398888615873,963844.0,0.1903150811801841,966976.0,0.1818851947757385,974736.0,0.4371633243238135,970760.0,0.3941255410437182,967096.0,0.381707524524165,976846.0,0.3943334530402404
10,0.0333333333333333,966180.0,0.0,946578.0,1.0,976896.0,0.2507796699869582,978382.0,0.2364148411363335,965992.0,0.3121893133233787,967356.0,0.3094486551874043,951736.0,0.4593910068610959,960974.0,0.4282798117451377,967070.0,0.4407923337176555,975070.0,0.4572551836240951
11,0.0333333333333333,960180.0,0.0,963582.0,1.0,977202.0,0.3243616156652238,976312.0,0.3174438165082125,966348.0,0.3499536923280473,963174.0,0.3454741338575235,966084.0,0.4522463946169694,959602.0,0.4265787135917742,983234.0,0.4449883758292853,968056.0,0.4503562855576767
12,0.0333333333333333,973140.0,0.0,947252.0,1.0,992894.0,0.290320751507362,994732.0,0.2796227342317651,975520.0,0.2418583552270966,976652.0,0.2356398964220235,972532.0,0.4470107925227286,972634.0,0.4103993800442285,966964.0,0.442720244958134,975276.0,0.4611488082862381
13,0.0333333333333333,958440.0,0.0,969704.0,1.0,978878.0,0.2784130644338178,974516.0,0.2687168049596461,974770.0,0.2772600979076492,971536.0,0.2723458143534882,975790.0,0.4603360613907422,979388.0,0.4291681630030052,986534.0,0.4377303570416013,979608.0,0.4446292551080197
14,0.0333333333333333,964800.0,0.0,952692.0,1.0,975408.0,0.2937418489046818,975936.0,0.2889787740752641,964830.0,0.2907176744098134,964538.0,0.2889031697128924,965704.0,0.4575197988923961,968636.0,0.4236301434592776,974544.0,0.4234978358251271,969594.0,0.4237435500028351
15,0.0333333333333333,942840.0,0.0,961116.0,1.0,968066.0,0.2389475872757858,971440.0,0.2280038558224809,951950.0,0.2169278167350256,953614.0,0.2135256204282987,963080.0,0.4523787022511198,966518.0,0.4187158599051165,963764.0,0.4110231160337951,955728.0,0.4188292664486741
16,0.0333333333333333,960660.0,0.0,968642.0,1.0,971580.0,0.2889409718940783,974696.0,0.2756913073884363,971256.0,0.2778649328066229,972470.0,0.2729506492524619,971612.0,0.451565955355624,970436.0,0.4246130001701098,975110.0,0.4372200275955922,977590.0,0.4532670535089875
17,0.0333333333333333,964260.0,0.0,962884.0,1.0,986254.0,0.2961611885005765,982898.0,0.2875611922807946,977976.0,0.2926077834691061,977864.0,0.2870130606535997,979590.0,0.4614890279169108,983726.0,0.4319277222295726,983534.0,0.4275993724837923,977800.0,0.4314362938741565
18,0.0333333333333333,973560.0,0.0,952824.0,1.0,969438.0,0.3039295367342696,975650.0,0.293420530364602,978584.0,0.2767308673710473,979476.0,0.2728183416183113,968794.0,0.4581435348819627,970586.0,0.4239703630899503,971348.0,0.4104182811348215,968470.0,0.422477176933109
19,0.0333333333333333,953400.0,0.0,974108.0,1.0,987056.0,0.3690437938269038,989508.0,0.3605005008789007,985592.0,0.3659062127884779,983308.0,0.3626552252064944,986096.0,0.4662332016557355,988842.0,0.4472754077910295,982186.0,0.4691061674258605,974236.0,0.4738692422552781
20,0.0333333333333333,966240.0,0.0,956970.0,1.0,985246.0,0.2402517625266978,983014.0,0.2308768215926059,976526.0,0.2108038633829172,976632.0,0.2063810081841722,975278.0,0.4356701381669722,981322.0,0.3917062014478235,987882.0,0.3842780728448031,983516.0,0.3994556485909237
21,0.0333333333333333,967620.0,0.0,958156.0,1.0,986952.0,0.3058007447029693,981750.0,0.28979152097076,979014.0,0.3017181091348971,980024.0,0.2974464626608955,972528.0,0.4617158410040259,975038.0,0.4306235469786607,983558.0,0.4374846428638932,987398.0,0.447143100156879
22,0.0333333333333333,968280.0,0.0,954898.0,1.0,973664.0,0.3416750146483452,983062.0,0.3356833689303873,973388.0,0.3395958946831232,970608.0,0.334965127487856,972966.0,0.4637004555162833,981434.0,0.4361426654317954,973600.0,0.4504318899200484,973892.0,0.4595611166764322
23,0.0333333333333333,968280.0,0.0,946418.0,1.0,976016.0,0.2851796548660857,973818.0,0.2807946018485266,969324.0,0.2709849358307974,969870.0,0.2660706522766363,946220.0,0.4764019883947303,964828.0,0.4460279358118963,956086.0,0.4456877161812236,965238.0,0.4478991437805961
24,0.0333333333333333,946500.0,0.0,955836.0,1.0,976790.0,0.3161207401667076,977190.0,0.3103181053546789,955504.0,0.3385185325193263,954740.0,0.3358156765645377,960362.0,0.4646833122271155,974242.0,0.4372956319579639,972662.0,0.447143100156879,964402.0,0.4547791407564216
25,0.0333333333333333,965640.0,0.0,956492.0,1.0,972364.0,0.2802086680401459,971150.0,0.2689814202279471,970184.0,0.2577163702345625,972522.0,0.2501937361785775,964712.0,0.4420965089685675,969298.0,0.4129132250930878,977700.0,0.4107585007654942,971952.0,0.4235923412780917
26,0.0333333333333333,969720.0,0.0,973098.0,1.0,990066.0,0.2825902054548547,989716.0,0.2760504281097019,973644.0,0.2724970230782316,975976.0,0.2676394427958493,965408.0,0.4500349670175969,965162.0,0.4257659666962783,987382.0,0.4363883796095034,979518.0,0.4519250760768896
27,0.0333333333333333,962220.0,0.0,964156.0,1.0,971592.0,0.3642429168163003,971476.0,0.3588939081785019,977394.0,0.2983915171905419,977110.0,0.295499650329824,966868.0,0.4824314362938741,968468.0,0.4630767195267167,974942.0,0.4793127563460411,971212.0,0.4798041847014572
28,0.0333333333333333,970200.0,0.0,960206.0,1.0,976240.0,0.3008864611488083,968904.0,0.2893378947965297,973550.0,0.2975409681138601,970842.0,0.2948570132496645,962118.0,0.454174305857448,982696.0,0.4184890468180014,975920.0,0.4462736499896044,977224.0,0.4543255145821914
29,0.0333333333333333,962400.0,0.0,959526.0,1.0,985936.0,0.3037216247377474,984380.0,0.3016803069537112,976606.0,0.2981836051940197,977022.0,0.293174816186894,985438.0,0.4691250685164534,992182.0,0.4399417846409738,977712.0,0.4392046421078496,975040.0,0.4458011227247812
30,0.0333333333333333,960720.0,0.0,951172.0,1.0,987540.0,0.2923242671102122,988916.0,0.2724403198064528,976892.0,0.2649932901128395,977640.0,0.2578108756875272,958884.0,0.4421721133309392,973174.0,0.4107395996749012,966506.0,0.4190182773546033,971060.0,0.4373334341391498
31,0.0333333333333333,963180.0,0.0,958314.0,1.0,984910.0,0.3117734893303344,981416.0,0.3120948078704141,970368.0,0.3080877766647135,969942.0,0.305366019619332,968306.0,0.4610732039238664,978284.0,0.4353866218080783,977144.0,0.4326459636721039,982838.0,0.452076284801633
32,0.0333333333333333,972000.0,0.0,964334.0,1.0,988974.0,0.274991967036498,984572.0,0.2634055985030336,972832.0,0.2816640520158013,975692.0,0.277581416447729,975630.0,0.4526811197006067,972926.0,0.417562893378948,969420.0,0.4111176214867598,976530.0,0.4269189332224469
33,0.0333333333333333,956880.0,0.0,961426.0,1.0,961408.0,0.3174816186893984,966784.0,0.3125484340446444,971742.0,0.314722059462831,968394.0,0.3112820609749182,961844.0,0.4616024344604684,965572.0,0.433893435651237,967314.0,0.4486362863137203,971434.0,0.4538340862267753
34,0.0333333333333333,963720.0,0.0,962320.0,1.0,990522.0,0.3112820609749182,989430.0,0.3058574479747481,974500.0,0.3572684143875101,973404.0,0.3568525903944657,976438.0,0.4589184795962727,982796.0,0.4319655244107585,983106.0,0.438826620295991,985986.0,0.4489009015820213
35,0.0333333333333333,970380.0,0.0,958434.0,1.0,974720.0,0.3039673389154554,984080.0,0.2941198707165403,980044.0,0.1977999130549832,980046.0,0.1921106847865122,966220.0,0.4441567278431965,973226.0,0.4156727843196552,981576.0,0.4162776192186289,980730.0,0.4322490407696524
36,0.0333333333333333,970080.0,0.0,955910.0,1.0,983218.0,0.2717031772733286,986526.0,0.2533691193981893,979854.0,0.2415937399587956,979840.0,0.2358478084185457,967062.0,0.4589373806868656,972838.0,0.427164647400155,962414.0,0.431833216776608,961654.0,0.4473510121534012
37,0.0333333333333333,963240.0,0.0,963326.0,1.0,981134.0,0.2698886725764076,981758.0,0.2560719753529779,963498.0,0.2710605401931691,966696.0,0.2683765853289734,966312.0,0.4272969550343055,976730.0,0.3918952123537528,991576.0,0.4072428979152097,986424.0,0.4236679456404634
38,0.0333333333333333,970140.0,0.0,955536.0,1.0,976152.0,0.3062165686960137,980796.0,0.2951405296085584,963876.0,0.2702666943882662,965560.0,0.2679607613359291,975848.0,0.4723193528266581,979820.0,0.4515470542650311,978634.0,0.4324191505849887,982396.0,0.4510745270002079
39,0.0333333333333333,957780.0,0.0,970022.0,1.0,959620.0,0.351862702477933,968900.0,0.3496323737879676,971118.0,0.2863326213922543,969566.0,0.2835919632562799,960212.0,0.4756270436804203,963230.0,0.4491277146691364,965540.0,0.4547035363940499,975862.0,0.4532670535089875
40,0.0333333333333333,962280.0,0.0,955776.0,1.0,972708.0,0.2587370291265806,978058.0,0.2516491201542329,976030.0,0.3211295291738333,972930.0,0.3174627175988054,967172.0,0.4682745194397716,966994.0,0.4426824427769482,974770.0,0.4172982781106469,976490.0,0.4220424518494717
41,0.0333333333333333,950100.0,0.0,970294.0,1.0,954914.0,0.233182754644943,954146.0,0.2204056174041242,956440.0,0.2148486967698036,957704.0,0.2100100175780142,963700.0,0.4400929933657172,959642.0,0.3967338915455421,970922.0,0.3935963105071162,954102.0,0.4098134462358478
42,0.0333333333333333,965700.0,0.0,960958.0,1.0,984166.0,0.2507607688963653,987676.0,0.239665828718317,974952.0,0.2278526470977375,976976.0,0.2237700115296652,972500.0,0.4478046383276315,969750.0,0.4145009167028937,983790.0,0.4125730054624151,984712.0,0.4295272837242709
43,0.0333333333333333,960120.0,0.0,959280.0,1.0,975902.0,0.2644262573950517,976392.0,0.2552025251857032,961370.0,0.2297616572476231,962458.0,0.2255278129548075,982196.0,0.4627932031678228,970468.0,0.4330239854839624,978802.0,0.4264275048670308,982944.0,0.4352921163551136
44,0.0333333333333333,961080.0,0.0,967978.0,1.0,983466.0,0.3295405144876859,984112.0,0.3291624926758274,975112.0,0.3085603039295367,972476.0,0.3034570094694463,980698.0,0.4645132024117792,984606.0,0.4400740922751243,977272.0,0.4686525412516302,978532.0,0.4645888067741509
45,0.0333333333333333,966960.0,0.0,963232.0,1.0,977066.0,0.284593721057705,976102.0,0.2800007560436237,963494.0,0.3023229440338708,961726.0,0.2987317368212145,966370.0,0.454420020035156,959366.0,0.4191505849887538,971466.0,0.4158617952255845,979764.0,0.4304912393445101
46,0.0333333333333333,975540.0,0.0,951484.0,1.0,981054.0,0.3716332432381348,981908.0,0.3661519269661859,974664.0,0.3281418337838093,977112.0,0.3238323851286219,970390.0,0.4740582531612074,972090.0,0.4578600185230688,979698.0,0.4626041922618935,972894.0,0.4585593588750071
47,0.0333333333333333,956040.0,0.0,973068.0,1.0,979496.0,0.2703990020224167,979844.0,0.2628007636040599,981328.0,0.2317651728504734,976782.0,0.228495284177897,963430.0,0.4599580395788837,971980.0,0.4346116770937683,973048.0,0.4224393747519231,974474.0,0.4367285992401761
48,0.0333333333333333,967200.0,0.0,959626.0,1.0,985612.0,0.2841211937928818,981856.0,0.2693027387680269,971804.0,0.2720433969040013,970976.0,0.2679040580641503,970076.0,0.4546657342128641,977408.0,0.4246130001701098,975796.0,0.4416050806131514,975262.0,0.4439677169372673
49,0.0333333333333333,962640.0,0.0,963070.0,1.0,974356.0,0.2723269132628952,977894.0,0.2507796699869582,976310.0,0.2418961574082824,974650.0,0.2387963785510423,971918.0,0.4557430963766609,974220.0,0.4219668474871,978936.0,0.4036138885213677,973902.0,0.4196798155253558
0,0.0666666666666666,478950.0,0.0,455596.0,1.0,482092.0,0.143062354697866,483746.0,0.1219120343243805,481550.0,0.0380667964541554,481710.0,0.0356474568582607,479670.0,0.3419396299166461,480262.0,0.2805299865802256,478916.0,0.1945111232918139,483478.0,0.2279282514601092
1,0.0666666666666666,480780.0,0.0,454292.0,1.0,481172.0,0.1219309354149734,483556.0,0.1046553386130379,480858.0,0.061787665148279,481366.0,0.0579885459391006,479046.0,0.3637325873702912,477710.0,0.2987317368212145,482462.0,0.1827546449430132,481440.0,0.2223335286446028
2,0.0666666666666666,487380.0,0.0,453414.0,1.0,486510.0,0.1070935792995255,485558.0,0.0866236981873854,490564.0,0.0556637117961706,491156.0,0.05243162530478,484578.0,0.3395202903207515,487386.0,0.2837998752528021,487120.0,0.1655168503222636,486066.0,0.198631561041072
3,0.0666666666666666,480120.0,0.0,454886.0,1.0,486962.0,0.1137089610070501,487478.0,0.0962443532991853,484018.0,0.0537736027368779,483510.0,0.0510518456914964,481634.0,0.3343413914982894,486496.0,0.2675827395240705,487904.0,0.1665375092142816,485330.0,0.2011265049993384
4,0.0666666666666666,476970.0,0.0,456894.0,1.0,479234.0,0.1458975182868051,478076.0,0.1319674145198178,481136.0,0.0790254597690286,480038.0,0.0732984293193717,472512.0,0.3590451169032453,478262.0,0.308749314835466,480472.0,0.2096697979473415,480028.0,0.2448825297219649
5,0.0666666666666666,484500.0,0.0,455776.0,1.0,486848.0,0.1171678605855557,487546.0,0.1025006142854442,486782.0,0.0590092048311187,487238.0,0.0562118434233655,477780.0,0.3480635832687546,485290.0,0.2820420738276598,489388.0,0.1528909218061882,486638.0,0.1890487081104579
6,0.0666666666666666,481800.0,0.0,456296.0,1.0,482642.0,0.1216663201466724,482106.0,0.1089269850870395,481810.0,0.0627138185873324,481982.0,0.0593494244617914,474338.0,0.356795887122687,478488.0,0.2979945942880904,480980.0,0.1772733286710643,479288.0,0.2120135331808645
7,0.0666666666666666,476820.0,0.0,457038.0,1.0,477354.0,0.1027841306443381,478832.0,0.0869072145462793,477392.0,0.0359309732171546,478070.0,0.0317349311055247,473736.0,0.3387453456064415,473436.0,0.2808891073014913,482272.0,0.1721889353015669,482164.0,0.2072504583514468
8,0.0666666666666666,477750.0,0.0,452864.0,1.0,483316.0,0.1045230309788874,483708.0,0.0873419396299166,480064.0,0.0282571304364261,479706.0,0.0268962519137354,479978.0,0.328463152323889,476240.0,0.2610051599977319,481110.0,0.1505849887538511,480628.0,0.1852117867200937
9,0.0666666666666666,478140.0,0.0,450188.0,1.0,481906.0,0.0977564405466195,481922.0,0.0853573251176592,479520.0,0.0417336080291832,479018.0,0.0373296539210312,478874.0,0.3279150206966942,476834.0,0.2662785642731585,480094.0,0.1443098266769992,484506.0,0.1813370631485436
10,0.0666666666666666,483090.0,0.0,447078.0,1.0,484888.0,0.0992685277940537,485650.0,0.0865291927344207,484444.0,0.0475740450223977,485230.0,0.0429432778271306,471028.0,0.3465892982025063,473578.0,0.2822877880053679,484770.0,0.1557449864857202,481148.0,0.1979133195985408
11,0.0666666666666666,480090.0,0.0,455292.0,1.0,484934.0,0.1113274235923412,486014.0,0.0983234732644073,479288.0,0.0562685466951443,479380.0,0.0525261307577447,475838.0,0.3406543557563271,474076.0,0.2843480068799969,483026.0,0.1743058574479747,482376.0,0.2077796888880488
12,0.0666666666666666,486570.0,0.0,447332.0,1.0,492738.0,0.1110439072334473,493160.0,0.0962065511179995,487712.0,0.0412421796737671,487902.0,0.0373296539210312,475672.0,0.333415238059236,478732.0,0.2679229591547432,485882.0,0.1644205870678738,482588.0,0.1988394730375942
13,0.0666666666666666,479220.0,0.0,458174.0,1.0,483908.0,0.0896100705010679,483984.0,0.0756421645528947,479610.0,0.0472905286635038,480622.0,0.0447199803428657,475230.0,0.3492732530667019,479188.0,0.2879581151832461,486980.0,0.1619256431096074,483702.0,0.1958341996333188
14,0.0666666666666666,482400.0,0.0,449952.0,1.0,484158.0,0.0838074356890392,484126.0,0.0743568903925756,485234.0,0.0481977810119643,485174.0,0.0453248152418394,478342.0,0.3413725971988584,477164.0,0.2811159203886064,486278.0,0.1645906968832101,479934.0,0.226945394749277
15,0.0666666666666666,471420.0,0.0,453876.0,1.0,478036.0,0.0622412913225093,476864.0,0.0479520668342563,474576.0,0.0414878938514752,473952.0,0.0391252575273593,472170.0,0.3338121609616875,473302.0,0.2731585612489841,478244.0,0.142797739429565,476472.0,0.1791445366397641
16,0.0666666666666666,480330.0,0.0,457772.0,1.0,483852.0,0.0920861133687413,482024.0,0.0741867805772393,481934.0,0.0424518494717145,481312.0,0.0391252575273593,476934.0,0.3359479841986882,479114.0,0.2843102046988111,478886.0,0.1530799327121174,482632.0,0.1922051902394768
17,0.0666666666666666,482130.0,0.0,454984.0,1.0,487250.0,0.1007050106791161,486858.0,0.0872096319957661,484636.0,0.0450791010641314,485388.0,0.0424140472905286,474394.0,0.3486873192583212,478888.0,0.2865216322981836,484168.0,0.1569357551930746,486188.0,0.1928289262290434
18,0.0666666666666666,486780.0,0.0,450144.0,1.0,486136.0,0.1062808324040297,487854.0,0.0906307293930859,487804.0,0.0432834974578033,488132.0,0.0412232785831742,477990.0,0.3349273253066702,479436.0,0.2750108681270909,489514.0,0.1528153174438165,484848.0,0.1924509044171848
19,0.0666666666666666,476700.0,0.0,460358.0,1.0,483772.0,0.1406808172831572,482198.0,0.114767422080254,478290.0,0.0562307445139584,478728.0,0.0518267904058064,480526.0,0.3491598465231444,479820.0,0.2883172359045117,483582.0,0.1732284952841778,482274.0,0.212391554992723
20,0.0666666666666666,483120.0,0.0,452100.0,1.0,486326.0,0.0805186459258699,487648.0,0.0655111799950857,484598.0,0.0426030581964579,484688.0,0.0408074545901298,477450.0,0.3219233749787363,480896.0,0.251082087436445,491694.0,0.1484113633356644,487694.0,0.1796170639045873
21,0.0666666666666666,483810.0,0.0,452626.0,1.0,486482.0,0.1149186308049974,486530.0,0.0966412762016368,485214.0,0.0447388814334587,486072.0,0.0408830589525015,477284.0,0.3449449033209216,478964.0,0.2800574593154025,489914.0,0.1694482771655924,490654.0,0.2021093617101707
22,0.0666666666666666,484140.0,0.0,450958.0,1.0,485524.0,0.1393766420322452,486988.0,0.1188311565577333,485392.0,0.0597652484548358,486992.0,0.0558527227020999,477602.0,0.3471563309202941,479668.0,0.2821554803712174,485974.0,0.1670478386602907,485396.0,0.2015801311735687
23,0.0666666666666666,484140.0,0.0,446978.0,1.0,484366.0,0.1033511633621259,485118.0,0.0931445744419453,485144.0,0.0449656945205738,485436.0,0.0433969040013608,466810.0,0.3623528077570075,473268.0,0.3037027236471544,482320.0,0.1747027803504262,485002.0,0.2103880393898728
24,0.0666666666666666,473250.0,0.0,451446.0,1.0,478054.0,0.117886102028087,477784.0,0.0962254522085924,473628.0,0.0610883247963407,474492.0,0.058158655754437,471784.0,0.3516169883002249,474006.0,0.2960855841382048,475102.0,0.173701022549001,473160.0,0.2083278205152437
25,0.0666666666666666,482820.0,0.0,451982.0,1.0,485060.0,0.110873797418111,486116.0,0.094770068232937,484160.0,0.050371406430151,484470.0,0.0469503090328311,476046.0,0.325892604003251,479500.0,0.263821422496078,489660.0,0.155537074489198,479440.0,0.1906363997202638
26,0.0666666666666666,484860.0,0.0,460068.0,1.0,491198.0,0.0875498516264388,490392.0,0.0770030430755854,484914.0,0.0490861322698319,484872.0,0.0464399795868221,476726.0,0.3352486438467499,480694.0,0.272137902356966,489524.0,0.1557449864857202,492854.0,0.1863080499744835
27,0.0666666666666666,481110.0,0.0,455566.0,1.0,484526.0,0.13527510537358,485306.0,0.1125181922996956,482832.0,0.0432645963672103,483088.0,0.0401648175099703,481492.0,0.368722475286824,476618.0,0.3172359045116903,482908.0,0.1897480484623963,480834.0,0.225641219498365
28,0.0666666666666666,485100.0,0.0,453626.0,1.0,486744.0,0.1074716011113841,487618.0,0.0887595214243861,487426.0,0.0491239344510178,487302.0,0.0465911883115655,474912.0,0.337044247453078,475268.0,0.2733853743360992,483194.0,0.1646852023361747,485988.0,0.2041128773130209
29,0.0666666666666666,481200.0,0.0,453306.0,1.0,486984.0,0.1079630294668002,486278.0,0.0928610580830514,484788.0,0.0423951461999357,485230.0,0.0373107528304383,486258.0,0.3531290755476591,482546.0,0.2940631674447616,489030.0,0.1746271759880545,490846.0,0.2072315572608539
30,0.0666666666666666,480360.0,0.0,449092.0,1.0,487210.0,0.1118188519477573,487062.0,0.0939384202468482,484190.0,0.0428676734647589,484868.0,0.039446576067439,472454.0,0.3312227115504564,478214.0,0.2685277940537169,485526.0,0.1527397130814448,483178.0,0.1890676092010509
31,0.0666666666666666,481590.0,0.0,452724.0,1.0,483116.0,0.1081520403727295,482740.0,0.0969247925605307,482282.0,0.0432645963672103,482980.0,0.0418659156633337,475858.0,0.3411079819305574,479702.0,0.2838754796151738,484804.0,0.1647041034267677,483476.0,0.1987260664940367
32,0.0666666666666666,486000.0,0.0,455624.0,1.0,490094.0,0.0837507324172604,490370.0,0.0649441472772979,486796.0,0.0321507550985691,488122.0,0.0302417449486835,479588.0,0.3359668852892812,484790.0,0.2654280151964768,485906.0,0.1442153212240346,485362.0,0.1839832158315534
33,0.0666666666666666,478440.0,0.0,454246.0,1.0,476548.0,0.0988716048916022,477880.0,0.0819362277203394,480094.0,0.0412610807643601,480446.0,0.0397867956981117,470080.0,0.3489519345266222,477104.0,0.294460090347213,481158.0,0.165913773224715,480456.0,0.2019581529854272
34,0.0666666666666666,481860.0,0.0,454660.0,1.0,484524.0,0.1232729128470712,485656.0,0.1105524788780312,484958.0,0.0472905286635038,484712.0,0.0455705294195475,479344.0,0.3443400684219479,483100.0,0.2863515224828473,483154.0,0.1781994821101177,484652.0,0.2054737558357117
35,0.0666666666666666,485190.0,0.0,452874.0,1.0,490788.0,0.1180940140246092,491936.0,0.0969247925605307,486022.0,0.0403727295064925,486000.0,0.037367456102217,477608.0,0.3334719413310148,481710.0,0.2693027387680269,493384.0,0.1519647683671348,491676.0,0.1843990398245978
36,0.0666666666666666,485040.0,0.0,451610.0,1.0,487748.0,0.1004214943202222,488648.0,0.0819173266297465,487282.0,0.0423573440187498,487176.0,0.0398245978792976,476106.0,0.3415805091953806,480370.0,0.2751242746706485,482558.0,0.1584667435311017,481198.0,0.1980267261420984
37,0.0666666666666666,481620.0,0.0,455126.0,1.0,487926.0,0.0967357816546014,488742.0,0.0775322736121874,484324.0,0.0438127279944052,483592.0,0.0418470145727408,474596.0,0.3199009582852931,483964.0,0.2493053849207099,489522.0,0.1447445517606365,489946.0,0.2102935339369081
38,0.0666666666666666,485070.0,0.0,451626.0,1.0,486234.0,0.1128395108397754,485908.0,0.0978131438183983,485842.0,0.0409586633148732,485884.0,0.0395788837015895,476722.0,0.3559642391365982,479578.0,0.2968227266713289,488492.0,0.1664808059425029,488428.0,0.2000491428355416
39,0.0666666666666666,478890.0,0.0,458552.0,1.0,478540.0,0.1592227871548188,479080.0,0.1434592776003175,479000.0,0.0615608520611639,480356.0,0.0600298637231368,472844.0,0.3644508288128225,470796.0,0.31135766533729,484014.0,0.1893511255599448,480788.0,0.2242236377038955
40,0.0666666666666666,481140.0,0.0,451416.0,1.0,482772.0,0.1005349008637798,482552.0,0.0914623773791747,483476.0,0.0529797569319749,483910.0,0.0505226151548944,470252.0,0.3531101744570661,474168.0,0.3013211862324456,485568.0,0.1600544351409076,484344.0,0.1972706825183813
41,0.0666666666666666,475050.0,0.0,458404.0,1.0,470994.0,0.0858865556542612,473988.0,0.0699718373750165,474422.0,0.0412610807643601,475732.0,0.039200861889731,473420.0,0.3293704046723495,466742.0,0.2648987846598749,477794.0,0.1420983990776267,478676.0,0.1745137694444969
42,0.0666666666666666,482850.0,0.0,453928.0,1.0,488262.0,0.0919727068251838,485744.0,0.0769085376226208,484158.0,0.0422628385657852,483942.0,0.0385771259001644,478408.0,0.3340389740488026,481626.0,0.2738011983291435,486926.0,0.1535902621581265,488378.0,0.1924887065983707
43,0.0666666666666666,480060.0,0.0,453240.0,1.0,481234.0,0.1132931370140057,481540.0,0.0990795168881244,481432.0,0.0290509762413291,481060.0,0.0265749333736556,480484.0,0.3471563309202941,476534.0,0.2835163588939082,479194.0,0.1553102614020829,479216.0,0.1932636513126807
44,0.0666666666666666,480540.0,0.0,457348.0,1.0,484074.0,0.1159581907876084,483566.0,0.1016689662993554,484178.0,0.0548698659912677,483902.0,0.0506738238796378,476446.0,0.3498402857844898,479788.0,0.2945356947095847,485190.0,0.1886328841174135,486322.0,0.2252820987770994
45,0.0666666666666666,483480.0,0.0,455122.0,1.0,482582.0,0.1140302795471298,483186.0,0.1006861095885232,482726.0,0.0616175553329427,483144.0,0.0590848091934904,474278.0,0.3337743587805016,477914.0,0.2669212013533181,486416.0,0.1635511369005991,484646.0,0.1975541988772752
46,0.0666666666666666,487770.0,0.0,449284.0,1.0,488374.0,0.1413423554539097,490334.0,0.12487950554747,489338.0,0.0531876689284971,489446.0,0.0501445933430358,477774.0,0.3634679721019903,480846.0,0.3075396450375187,488302.0,0.1813748653297295,490352.0,0.2215207817491069
47,0.0666666666666666,478020.0,0.0,459798.0,1.0,479200.0,0.0953181998601319,480516.0,0.0823331506227909,479814.0,0.0416958058479974,480118.0,0.0393331695238815,462374.0,0.3464569905683557,475188.0,0.2839510839775455,479696.0,0.1576728977261988,483804.0,0.1935471676715746
48,0.0666666666666666,483600.0,0.0,453466.0,1.0,486472.0,0.1082465458256941,485716.0,0.0884760050654922,484252.0,0.0345511936038709,484050.0,0.0322452605515338,483132.0,0.3391611695994859,485228.0,0.2722513089005235,486324.0,0.1531366359838962,488806.0,0.1937550796680968
49,0.0666666666666666,481320.0,0.0,455050.0,1.0,487220.0,0.0885516094278639,485608.0,0.0643204112877313,485310.0,0.0390496531649876,484472.0,0.036592511387907,478098.0,0.3381216096168749,482422.0,0.2758236150225868,490730.0,0.1345379628404558,489778.0,0.1743814618103464
0,0.05,638600.0,0.0,625186.0,1.0,645720.0,0.2069291398113671,650126.0,0.1865537641521915,641224.0,0.0932579809855028,641226.0,0.0892887519609881,643120.0,0.3952785075698868,646926.0,0.3425822669968057,644922.0,0.3093730508250326,647270.0,0.3376679834426446
1,0.05,641040.0,0.0,623342.0,1.0,644248.0,0.2091027652295537,644638.0,0.1905040920861133,635624.0,0.1525696032661084,635490.0,0.1484869676980361,641580.0,0.4195853100723912,638546.0,0.3674561022170979,646488.0,0.3069537112291379,644164.0,0.3335475456933865
2,0.05,649840.0,0.0,622104.0,1.0,653400.0,0.1776513504829228,651532.0,0.1569357551930746,653900.0,0.1127828075679966,654562.0,0.1081898425539153,653004.0,0.3907800480087701,654014.0,0.3404086415786191,649160.0,0.2760693292002948,649532.0,0.3050447010792523
3,0.05,640160.0,0.0,624206.0,1.0,652316.0,0.1792201410021358,652862.0,0.1612641049388549,650022.0,0.1068100629406316,648404.0,0.1036535808116128,648090.0,0.3909690589146993,655466.0,0.3346249078571833,650274.0,0.2798873495000661,655062.0,0.3067647003232086
4,0.05,635960.0,0.0,627024.0,1.0,639840.0,0.2260003402196306,640100.0,0.2151700153098834,640196.0,0.1848904681800139,640864.0,0.1784262951972328,634512.0,0.4128943240024949,640478.0,0.3705369799837451,641064.0,0.3368930387283346,635184.0,0.3466460014742851
5,0.05,646000.0,0.0,625386.0,1.0,653246.0,0.1900126637306972,656604.0,0.1753265163399928,648714.0,0.1391120267639442,649532.0,0.1335929083108095,641584.0,0.4020450980021547,652552.0,0.3472130341920729,655398.0,0.2650499933846182,655306.0,0.288751960988149
6,0.05,642400.0,0.0,626166.0,1.0,642252.0,0.2109361710170677,643070.0,0.1986882643128508,640286.0,0.142287409983556,641756.0,0.1371463133422798,636802.0,0.4130077305460525,637126.0,0.366926871680496,644744.0,0.2875044890090158,635828.0,0.3107906326195021
7,0.05,635760.0,0.0,627108.0,1.0,633500.0,0.179673767176366,639628.0,0.1602623471374298,640370.0,0.1004025932296293,641178.0,0.0946566616893794,634778.0,0.3885308182282118,635558.0,0.3426956735403633,646124.0,0.2802275691307388,647616.0,0.3118490936927061
8,0.05,637000.0,0.0,621434.0,1.0,647326.0,0.165649157956414,649446.0,0.146710265182301,639796.0,0.0646228287372181,638922.0,0.0614852476987922,643528.0,0.3786833500292967,641446.0,0.3246262309335249,641490.0,0.2579242822310847,644642.0,0.2911334984028578
9,0.05,637520.0,0.0,617908.0,1.0,646130.0,0.1564821290188444,645426.0,0.1442909255864063,641054.0,0.0756421645528947,639964.0,0.0715784300754153,644406.0,0.3814240081652711,641712.0,0.3215831553480636,643242.0,0.2416504432305744,643950.0,0.2721757045381519
10,0.05,644120.0,0.0,613578.0,1.0,645772.0,0.1520025705483206,646392.0,0.1359366435443325,643416.0,0.1214962103313361,645818.0,0.1142003893624662,630750.0,0.4013457576502164,637732.0,0.3503128130493129,645936.0,0.2737066928761789,643624.0,0.3098644791804487
11,0.05,640120.0,0.0,624722.0,1.0,643994.0,0.1922240913300697,648332.0,0.1786909104655338,643314.0,0.1442720244958134,642238.0,0.1382425765966696,641868.0,0.3935207061447445,635692.0,0.3462112763906477,646068.0,0.2886574555351844,645306.0,0.3097510726368911
12,0.05,648760.0,0.0,613972.0,1.0,660046.0,0.1767440981344623,658184.0,0.1580509195380573,650760.0,0.0826733702534636,651020.0,0.078156009601754,642992.0,0.3872455440678927,642598.0,0.3305422722891111,642240.0,0.2819664694652881,644168.0,0.3129264558565029
13,0.05,638960.0,0.0,628684.0,1.0,647092.0,0.1557260853951273,646724.0,0.1397168616629179,641454.0,0.1029542404596745,641890.0,0.0985880885327083,635968.0,0.4026121307199425,649882.0,0.3546222617045003,656184.0,0.2787910862456764,651572.0,0.3069537112291379
14,0.05,643200.0,0.0,617532.0,1.0,644496.0,0.1580887217192432,647398.0,0.1491107036876027,645500.0,0.1100043472508363,645514.0,0.1072825902054548,640618.0,0.3970552100856219,644442.0,0.3437352335229742,649390.0,0.2709660347402045,644862.0,0.2958587710510896
15,0.05,628560.0,0.0,622956.0,1.0,639430.0,0.1174513769444497,639350.0,0.1027085262819664,633250.0,0.0787608445007276,635170.0,0.0748483187479917,633206.0,0.3903831251063186,638690.0,0.3400873230385393,636176.0,0.2530856030392954,629538.0,0.2792636135104995
16,0.05,640440.0,0.0,628062.0,1.0,645174.0,0.160999489670554,646604.0,0.1457463095620617,644682.0,0.092426332999414,643220.0,0.0896478726822537,642652.0,0.3906099381934337,643346.0,0.3404086415786191,641414.0,0.2696240573081067,646602.0,0.3055172283440754
17,0.05,642840.0,0.0,624284.0,1.0,654842.0,0.1636267412629709,655426.0,0.1540816905135426,648648.0,0.0995709452435405,647700.0,0.0928043548112726,643826.0,0.4025932296293496,645488.0,0.3532424820912166,654044.0,0.2685088929631239,653248.0,0.2937040467234959
18,0.05,649040.0,0.0,617704.0,1.0,648866.0,0.1770654166745421,652214.0,0.1630975107263689,650692.0,0.0905551250307142,651324.0,0.0878711701665186,643556.0,0.3929725745175497,642864.0,0.3402763339444686,651486.0,0.2594552705691118,647212.0,0.2886574555351844
19,0.05,635600.0,0.0,631608.0,1.0,653520.0,0.2280794601848526,653592.0,0.2086680401459164,643306.0,0.1466913640917081,642274.0,0.1411533445479804,652190.0,0.4056552063054038,648516.0,0.3617101706768481,646286.0,0.3023607462150566,647586.0,0.3291057894040486
20,0.05,644160.0,0.0,620390.0,1.0,652526.0,0.1390931256733513,654880.0,0.1265049993384618,646456.0,0.0829001833405787,646236.0,0.0790443608596216,644304.0,0.3770578562383049,647062.0,0.3138526092955563,659188.0,0.2417260475929461,645136.0,0.2715897707297711
21,0.05,645080.0,0.0,621136.0,1.0,652480.0,0.1851550834483149,650398.0,0.1656113557752282,646686.0,0.1152021471638913,645302.0,0.1120645661254654,641902.0,0.3986996049672066,645672.0,0.3462490785718335,651896.0,0.2829682272667133,654344.0,0.3098644791804487
22,0.05,645520.0,0.0,618938.0,1.0,650390.0,0.2225792428223108,649660.0,0.2096319957661557,648562.0,0.136068951178483,648692.0,0.1288298334813918,640290.0,0.4025176252669779,642162.0,0.3501049010527907,644162.0,0.2867484453852987,648380.0,0.3123027198669363
23,0.05,645520.0,0.0,613458.0,1.0,644076.0,0.1704500349670176,645826.0,0.1602434460468369,644122.0,0.1021981968359574,643956.0,0.0966601772922297,626070.0,0.4172226737482752,638240.0,0.3642240157257074,642094.0,0.2885440489916268,645554.0,0.3107906326195021
24,0.05,631000.0,0.0,619576.0,1.0,641498.0,0.1871396979605723,641364.0,0.1683520139112026,630914.0,0.1406430151019713,631014.0,0.1373731264293949,635308.0,0.4058253161207402,637214.0,0.3614833575897329,641124.0,0.2881660271797682,639900.0,0.3166310696127166
25,0.05,643760.0,0.0,620152.0,1.0,644846.0,0.1744759672633111,646802.0,0.1599221275067571,644370.0,0.1023872077418867,646206.0,0.0969436936511236,640396.0,0.3818776343395014,638140.0,0.3311660082786777,647572.0,0.2589827433042886,648756.0,0.2938552554482393
26,0.05,646480.0,0.0,631078.0,1.0,654558.0,0.1616043245695276,657784.0,0.1515489443740904,649422.0,0.1005159997731869,648488.0,0.0954316064036894,637976.0,0.3901563120192035,641420.0,0.3389154554217778,656862.0,0.2702855954788591,648932.0,0.301207779688888
27,0.05,641480.0,0.0,625096.0,1.0,648342.0,0.2239401213450016,646468.0,0.2106526546581738,648078.0,0.0904039163059708,647854.0,0.0865669949156066,641358.0,0.4233655281909766,641648.0,0.3811026896251914,644688.0,0.3175383219611771,646758.0,0.3319409529929877
28,0.05,646800.0,0.0,622486.0,1.0,651714.0,0.1788799213714631,647452.0,0.1623603681932447,649170.0,0.1084544578222163,648728.0,0.1044096244353299,638612.0,0.3925756516150981,641642.0,0.3376868845332376,641638.0,0.2820609749182527,646306.0,0.3086359082919084
29,0.05,641600.0,0.0,622046.0,1.0,654362.0,0.1821876122252254,653976.0,0.1718109134897083,648882.0,0.1138034664600147,648006.0,0.1083977545504375,650594.0,0.4087927873438297,654614.0,0.3619180826733703,652986.0,0.2848205341448201,654536.0,0.3098644791804487
30,0.05,640480.0,0.0,616452.0,1.0,653732.0,0.1759313512389665,649952.0,0.1527964163532235,646388.0,0.091141058839095,649596.0,0.0858487534730754,631086.0,0.3827092823255902,647898.0,0.330825788648005,644538.0,0.2630275766911751,641484.0,0.3004706371557639
31,0.05,642120.0,0.0,621254.0,1.0,647324.0,0.1852306878106867,647716.0,0.1743625607197535,642526.0,0.1030298448220462,643806.0,0.0988338027104163,634876.0,0.3976033417128168,644752.0,0.351862702477933,646888.0,0.2790368004233844,650150.0,0.3033247018352959
32,0.05,648000.0,0.0,625194.0,1.0,654914.0,0.1442531234052204,655060.0,0.1248417033662842,648518.0,0.0884760050654922,648814.0,0.0825977658910919,642310.0,0.3919897178067174,645448.0,0.3337365565993158,646678.0,0.2566579091613586,645152.0,0.2866161377511482
33,0.05,637920.0,0.0,623306.0,1.0,637818.0,0.1796170639045873,635700.0,0.1582588315345795,640314.0,0.0973406165535751,640470.0,0.0925586406335645,632276.0,0.4015536696467386,635262.0,0.3581378645547848,638642.0,0.2834596556221294,642432.0,0.31135766533729
34,0.05,642480.0,0.0,623880.0,1.0,651344.0,0.1915625531593173,651942.0,0.1824900296747122,646482.0,0.1295480749239231,647200.0,0.1271854385998072,644740.0,0.3998525714933751,646422.0,0.3525053395580925,652292.0,0.2898482242425388,647076.0,0.3099400835428204
35,0.05,646920.0,0.0,621394.0,1.0,654828.0,0.1912979378910163,656002.0,0.1676715746498573,651800.0,0.0769841419849925,651990.0,0.0705955733645831,640212.0,0.3859791709981666,647186.0,0.3332451282438997,654874.0,0.2615154894437409,653318.0,0.2896592133366095
36,0.05,646720.0,0.0,619710.0,1.0,653978.0,0.1605080613151379,651736.0,0.1402460921995199,650806.0,0.086982818908651,652240.0,0.0831836996994726,641132.0,0.3959022435594533,646838.0,0.3426200691779916,642598.0,0.275766911750808,642968.0,0.3062732719677925
37,0.05,642160.0,0.0,624526.0,1.0,657926.0,0.1606025667681025,654676.0,0.145160375753681,644858.0,0.0970192980134953,645412.0,0.093220178804317,638384.0,0.3709528039767895,645216.0,0.3152512899994329,655406.0,0.2543708771996144,652258.0,0.281739656378173
38,0.05,646760.0,0.0,619596.0,1.0,653356.0,0.180977942427278,652218.0,0.1640614663466082,643032.0,0.0847335891280926,643718.0,0.0828434800687999,640424.0,0.4123272912847071,645454.0,0.3646020375375659,653252.0,0.2761260324720736,648536.0,0.3037027236471544
39,0.05,638520.0,0.0,629042.0,1.0,638336.0,0.2393256090876443,639076.0,0.2271344056552063,640670.0,0.1165441245959891,640772.0,0.1131608293798552,633770.0,0.4179976184625853,636786.0,0.3718033530534712,639766.0,0.2979378910163116,639058.0,0.3267431530799327
40,0.05,641520.0,0.0,619536.0,1.0,645418.0,0.158655754437031,644556.0,0.1494131211370896,647750.0,0.1213450016065927,647094.0,0.1184342336552819,631012.0,0.4089439960685732,638684.0,0.364828850624681,644746.0,0.269019222409133,643842.0,0.2947436067061069
41,0.05,633400.0,0.0,629034.0,1.0,630728.0,0.1353885119171376,632488.0,0.1211181885194775,632480.0,0.0811990851872153,632754.0,0.0782505150547186,636154.0,0.3819532387018731,630518.0,0.3211673313550192,638942.0,0.2410267072410078,635786.0,0.2769009771863837
42,0.05,643800.0,0.0,622938.0,1.0,654580.0,0.1466913640917081,652840.0,0.1335173039484378,647490.0,0.0898557846787759,644956.0,0.0834672160583665,643622.0,0.3891167520365925,644448.0,0.3354565558432721,648086.0,0.2610618632695106,655278.0,0.2917383333018315
43,0.05,640080.0,0.0,621920.0,1.0,645550.0,0.1678416844651936,643954.0,0.155026745043189,639630.0,0.064906345096112,640324.0,0.060218874629066,644066.0,0.4012890543784376,642936.0,0.3496701759691534,645914.0,0.2670535089874686,650526.0,0.2950838263367796
44,0.05,640720.0,0.0,627558.0,1.0,652004.0,0.2003137581038425,651534.0,0.1925076076889636,645368.0,0.1130285217457047,644490.0,0.1056948985956489,642444.0,0.4048991626816867,646890.0,0.3597633583457765,649440.0,0.3085036006577579,646808.0,0.3288411741357476
45,0.05,644640.0,0.0,624492.0,1.0,646390.0,0.1829247547583495,647880.0,0.1718109134897083,644464.0,0.1206834634358402,643976.0,0.1145217079025459,637528.0,0.3908367512805489,637840.0,0.3348328198537055,648062.0,0.2702855954788591,652388.0,0.2963501994065057
46,0.05,650360.0,0.0,616684.0,1.0,648908.0,0.2362069291398113,650524.0,0.225130890052356,653990.0,0.1149942351673691,653038.0,0.1101177537943939,640454.0,0.4159373995879562,641022.0,0.373391044663277,649832.0,0.3010187687829588,648114.0,0.320694804090196
47,0.05,637360.0,0.0,630888.0,1.0,644086.0,0.1602623471374298,646776.0,0.1501313625796208,640920.0,0.0847335891280926,639646.0,0.079705899030374,630784.0,0.3997391649498176,637182.0,0.3515035817566673,646150.0,0.2678662558829644,642446.0,0.3007730546052507
48,0.05,644800.0,0.0,622186.0,1.0,650624.0,0.172944978925284,650544.0,0.1513410323775681,647300.0,0.0847902923998714,649324.0,0.0803296350199406,647038.0,0.3928402668833992,648092.0,0.3445479804184701,655364.0,0.2690381234997259,652330.0,0.3019449222220122
49,0.05,641760.0,0.0,624390.0,1.0,648046.0,0.1506227909350369,648218.0,0.120740166707619,646996.0,0.0797626023021528,646946.0,0.0759067798211956,642578.0,0.3940877388625323,643330.0,0.3423554539096906,650646.0,0.2455251668021245,647646.0,0.2771088891829058
0,0.04,798250.0,0.0,794776.0,1.0,814390.0,0.2623282363392368,811762.0,0.244599013363071,803128.0,0.1833405787513939,803798.0,0.1793524486362863,810424.0,0.4307369535222182,814076.0,0.385620050276901,813380.0,0.4005519118453134,807036.0,0.4125163021906364
1,0.04,801300.0,0.0,792392.0,1.0,807740.0,0.2871075661065643,807878.0,0.2738390005103294,799562.0,0.2655792239212202,800062.0,0.2615910938061126,806780.0,0.4572929858052809,814436.0,0.4109097094902376,809658.0,0.4003061976676054,810630.0,0.4169958606611601
2,0.04,812300.0,0.0,790794.0,1.0,817244.0,0.2400060483489897,812902.0,0.2242236377038955,818222.0,0.190598597539078,816630.0,0.186704972876935,821630.0,0.4257470656056854,819324.0,0.3864138960818039,810728.0,0.361218742321432,814968.0,0.3755079668096849
3,0.04,800200.0,0.0,793526.0,1.0,814746.0,0.2393256090876443,819486.0,0.2222201221010452,820224.0,0.1850794790859432,818866.0,0.1817906893227739,816198.0,0.4260683841457652,813686.0,0.3821044474266165,814488.0,0.3669457727710889,817120.0,0.3869998298901846
4,0.04,794950.0,0.0,797154.0,1.0,801236.0,0.297597671385639,802056.0,0.2890354773470429,811564.0,0.3055550305252613,810214.0,0.3013400873230385,803280.0,0.4467461772544275,806944.0,0.4172793770200541,800280.0,0.4292059651841911,800446.0,0.428185306292173
5,0.04,807500.0,0.0,794996.0,1.0,817346.0,0.2573572495132969,824090.0,0.2433515413839378,815224.0,0.2451471449902659,813574.0,0.2396091254465382,806096.0,0.4380894777628669,810636.0,0.3916116959948589,819612.0,0.352108416655641,816894.0,0.3710095072485682
6,0.04,803000.0,0.0,796036.0,1.0,811780.0,0.2746517474058253,808700.0,0.2690948267715047,801422.0,0.24355945338046,799940.0,0.2400816527113614,805370.0,0.4486362863137203,801614.0,0.4138015763509554,808870.0,0.3736934621127639,807988.0,0.3861681819040958
7,0.04,794700.0,0.0,797178.0,1.0,799420.0,0.2459787929763547,802658.0,0.2339387982686601,805976.0,0.1896724441000245,806040.0,0.183850908197403,795046.0,0.4239136598181715,803004.0,0.3860736764511312,808714.0,0.3674939043982838,806900.0,0.3813862059840853
8,0.04,796250.0,0.0,790004.0,1.0,810518.0,0.2237889126202581,815654.0,0.2088570510518456,799804.0,0.126958625512692,801106.0,0.1223656604986107,808314.0,0.4123461923753,818306.0,0.3722380781371085,797868.0,0.3434517171640803,807224.0,0.3618424783109985
9,0.04,796900.0,0.0,785628.0,1.0,809654.0,0.2150755098569187,809616.0,0.2019581529854272,799638.0,0.126712911334984,799684.0,0.1209102765229553,812074.0,0.4136314665356191,806186.0,0.3641484113633356,808824.0,0.3194851342922487,808466.0,0.3396714990454949
10,0.04,805150.0,0.0,780078.0,1.0,813386.0,0.2030922184210029,811798.0,0.1890676092010509,804866.0,0.2242614398850813,803688.0,0.2161150698395297,791504.0,0.4359914567070519,799804.0,0.3949760901203999,807318.0,0.3678719262101423,806350.0,0.3958266391970816
11,0.04,800150.0,0.0,794152.0,1.0,813656.0,0.2646908726633526,812934.0,0.2540117564783488,805064.0,0.2532746139452246,805934.0,0.2491163740147806,802372.0,0.4293571739089345,798474.0,0.3934262006917799,815904.0,0.3796662067401289,800388.0,0.3914982894513013
12,0.04,810950.0,0.0,780612.0,1.0,827196.0,0.2348649517077135,830292.0,0.2200653977734515,811322.0,0.1520592738200994,813008.0,0.1436482885062468,806888.0,0.4225527812954807,806400.0,0.3768877464229686,799670.0,0.3737879675657285,799690.0,0.3960345511936038
13,0.04,798700.0,0.0,799194.0,1.0,808040.0,0.2218421002891867,813148.0,0.2055304591074905,806580.0,0.1876878295877672,807196.0,0.1828680514865708,804788.0,0.436256071975353,813328.0,0.3984538907894985,822294.0,0.3690815960080896,813256.0,0.38690532443722
14,0.04,804000.0,0.0,785112.0,1.0,807276.0,0.2299884703347383,810922.0,0.2242047366133026,805424.0,0.1992930992118245,803694.0,0.1985937588598862,804554.0,0.4319088211389797,806264.0,0.3897971912979379,810350.0,0.3581756667359707,814732.0,0.371066210520347
15,0.04,785700.0,0.0,792036.0,1.0,804732.0,0.1708091556882832,801712.0,0.1593550947889693,794768.0,0.1368060937116071,794108.0,0.1327234581435349,797684.0,0.4276371746649782,801100.0,0.3855633470051222,796482.0,0.3447180902338065,792106.0,0.3603870943353431
16,0.04,800550.0,0.0,798352.0,1.0,805314.0,0.2278526470977375,806668.0,0.2127317746233957,809012.0,0.18073222824957,806642.0,0.1747216814410191,806844.0,0.4260683841457652,808272.0,0.3847316990190334,807800.0,0.3666622564121949,815288.0,0.3899105978414954
17,0.04,803550.0,0.0,793584.0,1.0,817496.0,0.2323511066588542,821378.0,0.22121836429962,809298.0,0.1925076076889636,805388.0,0.1856276107131381,811588.0,0.4381083788534598,815712.0,0.3976411438940027,816692.0,0.3584402820042716,827244.0,0.3719923639594004
18,0.04,811300.0,0.0,785264.0,1.0,812680.0,0.2408943996068573,812002.0,0.2266240762091972,812192.0,0.175534428336515,812104.0,0.1717353091273366,805250.0,0.4310771731528909,807024.0,0.3918007069007881,813132.0,0.347704462547489,810078.0,0.365868410607292
19,0.04,794500.0,0.0,802858.0,1.0,822210.0,0.3044776683614644,818382.0,0.2910578940404861,811652.0,0.2621392254333075,811404.0,0.2582077985899786,817490.0,0.441434970797815,817456.0,0.4073752055493602,811394.0,0.4009488347477649,813060.0,0.4116846542045476
20,0.04,805200.0,0.0,788680.0,1.0,816462.0,0.1914680477063526,819136.0,0.1791445366397641,807506.0,0.1419471903528833,808016.0,0.1377889504224393,808442.0,0.411060918214981,805232.0,0.3610297314155026,822666.0,0.3217154629822141,809730.0,0.3433194095299299
21,0.04,806350.0,0.0,789646.0,1.0,816724.0,0.2476987922203111,816994.0,0.2315005575821725,801256.0,0.2104636437522445,803304.0,0.2055493601980834,806100.0,0.4342903585536885,811366.0,0.391857410172567,818708.0,0.3700077494471431,823568.0,0.3911769709112215
22,0.04,806900.0,0.0,786918.0,1.0,813706.0,0.2867295442947058,817196.0,0.2787343829738976,813256.0,0.2376056098436879,813288.0,0.2304609975995614,807858.0,0.4371066210520347,814736.0,0.3975844406222239,806416.0,0.3830306008656699,809924.0,0.3966204850019846
23,0.04,806900.0,0.0,779938.0,1.0,810542.0,0.2307445139584554,813530.0,0.2201410021358232,803186.0,0.1859867314344037,801732.0,0.1799194813540741,787194.0,0.4522085924357835,799412.0,0.4101158636853346,796846.0,0.378343130398624,801238.0,0.3879637855104239
24,0.04,788750.0,0.0,787706.0,1.0,809600.0,0.2585669193112442,807140.0,0.2446557166348498,787654.0,0.2475664845861606,788836.0,0.244088683917062,797108.0,0.4402631031810535,803156.0,0.4064868542914926,804632.0,0.3781730205832876,800500.0,0.394182244315497
25,0.04,804700.0,0.0,788322.0,1.0,808442.0,0.2317651728504734,809902.0,0.2208214413971686,808878.0,0.1784262951972328,809116.0,0.1726236603852042,803020.0,0.4165800366681157,803812.0,0.3786833500292967,809194.0,0.3457387491258246,814500.0,0.3704046723495945
26,0.04,808100.0,0.0,802088.0,1.0,824770.0,0.2269831969304629,823520.0,0.2156047403935207,812914.0,0.1813559642391366,811950.0,0.1740223410890808,801628.0,0.4254446481561986,802240.0,0.3883418073222825,825580.0,0.3651879713459466,817490.0,0.3865084015347685
27,0.04,801850.0,0.0,794626.0,1.0,808764.0,0.3017181091348971,811732.0,0.2923620692913981,815358.0,0.1825845351276768,814666.0,0.175780142514223,803266.0,0.4577655130701041,806116.0,0.4305857447974748,810388.0,0.411060918214981,812046.0,0.4182055304591074
28,0.04,808500.0,0.0,791346.0,1.0,812540.0,0.2449014308125578,812436.0,0.2335229742756157,810088.0,0.1990095828529306,812312.0,0.1951726614625664,800428.0,0.4284688226510669,807206.0,0.3825391725102538,807786.0,0.375999395165101,810326.0,0.3894569716672652
29,0.04,802000.0,0.0,790786.0,1.0,817238.0,0.2510631863458522,817294.0,0.2429735195720793,814796.0,0.2082711172434649,814602.0,0.2011643071805243,815426.0,0.4448560681951348,815694.0,0.4047101517757575,811114.0,0.3726917043113387,806170.0,0.3868675222560341
30,0.04,800600.0,0.0,783812.0,1.0,817716.0,0.2385506643733343,818770.0,0.215510234940556,809516.0,0.1699397055210085,810584.0,0.1649687186950687,793038.0,0.4191883871699397,813518.0,0.3779273064055796,806628.0,0.3541497344396772,807694.0,0.3794393936530137
31,0.04,802650.0,0.0,789784.0,1.0,813652.0,0.2550702175515527,813542.0,0.2494187914642675,806986.0,0.1971950781560096,808242.0,0.1925454098701495,801240.0,0.4352354130833349,810096.0,0.3976411438940027,812332.0,0.3655470920672122,812630.0,0.3852987317368212
32,0.04,810000.0,0.0,794764.0,1.0,822614.0,0.2108227644735101,821608.0,0.1945111232918139,810770.0,0.180996843517871,811780.0,0.1756100326988867,806878.0,0.427429262668456,807628.0,0.3797796132836865,808548.0,0.3449071011397357,802040.0,0.3665110476874516
33,0.04,797400.0,0.0,792366.0,1.0,798424.0,0.2515357136106753,801300.0,0.2374165989377587,801588.0,0.2004082635568072,802086.0,0.1972517814277883,798044.0,0.4368987090555125,806092.0,0.4000037802181186,801544.0,0.3786266467575179,805632.0,0.3921220254408679
34,0.04,803100.0,0.0,793100.0,1.0,819084.0,0.2517814277883834,818268.0,0.2441642882794337,811152.0,0.2623660385204226,809904.0,0.2608917534541743,811808.0,0.4341013476477592,812162.0,0.3974332318974805,817278.0,0.3736178577503922,811798.0,0.3901941142003893
35,0.04,808650.0,0.0,789914.0,1.0,820080.0,0.2538794488441983,820656.0,0.2369440716729355,815104.0,0.1311924698055077,813264.0,0.1248228022756913,801726.0,0.419112782807568,814398.0,0.3810837885345984,820606.0,0.3516358893908178,815508.0,0.3668323662275313
36,0.04,808400.0,0.0,787810.0,1.0,818394.0,0.2182886952577163,822752.0,0.2003515602850284,812888.0,0.153968283969985,812422.0,0.1499234505830986,801746.0,0.4309448655187404,805002.0,0.3912714763641862,802244.0,0.3653013778895042,797948.0,0.3878125767856805
37,0.04,802700.0,0.0,793926.0,1.0,817588.0,0.2201031999546374,819524.0,0.2024117791596575,804790.0,0.1814882718732871,806226.0,0.1775946472111441,801038.0,0.4050314703158372,808970.0,0.3592908310809534,820570.0,0.3418640255542745,829314.0,0.3684389589279301
38,0.04,808450.0,0.0,787566.0,1.0,819078.0,0.2448447275407791,815236.0,0.2322187990247037,802696.0,0.162549379099174,800542.0,0.1588258642523673,809764.0,0.4485606819513485,815786.0,0.4190182773546033,816130.0,0.3644697299034154,814180.0,0.3883040051410966
39,0.04,798150.0,0.0,799532.0,1.0,797446.0,0.3023985483962425,804888.0,0.2937418489046818,802208.0,0.1937928818492827,801496.0,0.1897858506435821,797244.0,0.4527378229723855,796726.0,0.4192261893511255,801900.0,0.3868108189842554,809462.0,0.3975844406222239
40,0.04,801900.0,0.0,787656.0,1.0,810006.0,0.2119757309996786,813230.0,0.2026385922467726,811532.0,0.2197251781427788,811224.0,0.2153023229440338,800802.0,0.4447237605609844,803568.0,0.4095299298769539,807394.0,0.3534692951783318,809826.0,0.364053905910371
41,0.04,791750.0,0.0,799664.0,1.0,792708.0,0.1856843139849169,793714.0,0.1694860793467783,792054.0,0.1401326856559623,792280.0,0.1356909293666244,801292.0,0.4166745421210804,794330.0,0.3620503903075207,797982.0,0.3266864498081539,797906.0,0.3489141323454363
42,0.04,804750.0,0.0,791948.0,1.0,818816.0,0.2012588126334889,818924.0,0.1880280492184399,808828.0,0.1553669646738616,806436.0,0.1513221312869752,807742.0,0.4239514619993573,801366.0,0.381461810346457,813250.0,0.3462679796624265,816266.0,0.3733532424820912
43,0.04,800100.0,0.0,790600.0,1.0,810294.0,0.2195172661462566,809996.0,0.2078741943410134,797104.0,0.1387907082238645,795716.0,0.1338197213979246,814720.0,0.4379004668569376,807192.0,0.3991343300508439,810690.0,0.3572684143875101,803338.0,0.3761506038898444
44,0.04,800900.0,0.0,797768.0,1.0,817690.0,0.2698886725764076,820780.0,0.2657871359177424,810194.0,0.2078174910692347,809650.0,0.2002948570132496,812972.0,0.4391668399266638,814762.0,0.4071294913716521,815934.0,0.4003629009393842,818042.0,0.4074886120929177
45,0.04,805800.0,0.0,793862.0,1.0,813978.0,0.2380592360179182,811992.0,0.2302152834218534,801018.0,0.2062297994594288,802494.0,0.2033379325987109,801692.0,0.4283365150169165,802662.0,0.3819154365206872,809954.0,0.3516736915720037,817670.0,0.37340994575387
46,0.04,812950.0,0.0,784084.0,1.0,813676.0,0.3121515111421929,814262.0,0.303816130190712,816208.0,0.2162284763830873,813978.0,0.2116733135501918,804950.0,0.4507343073695352,805272.0,0.4198121231595063,816142.0,0.3931237832422931,815026.0,0.4001927911240479
47,0.04,796700.0,0.0,801978.0,1.0,809810.0,0.2159827622053792,812324.0,0.2075528758009337,804364.0,0.1482979567921069,805842.0,0.1444988375829285,798428.0,0.4347061825467329,803954.0,0.4005330107547205,809664.0,0.3547545693386508,810656.0,0.3790235696599693
48,0.04,806000.0,0.0,790906.0,1.0,816474.0,0.2294025365263575,813408.0,0.2116922146407847,811780.0,0.1682008051864592,809848.0,0.1644583892490596,810186.0,0.4288846466441113,815922.0,0.3895514771202298,817006.0,0.3668890694993101,815248.0,0.3805923601791823
49,0.04,802200.0,0.0,793730.0,1.0,811598.0,0.2148297956792106,812092.0,0.186950687054643,815172.0,0.1507172963880015,812714.0,0.1478065284366908,807722.0,0.4310015687905192,807814.0,0.3903831251063186,814036.0,0.3361369951046175,819092.0,0.3585158863666433
